iter	RMSE
0	221.5059479
1	219.3850145
2	218.0367595
3	217.4597642
4	217.0025945
5	216.7989182
6	216.3612756
7	216.3004669
8	216.1529441
9	215.8487432
10	215.6903642
11	215.4965007
12	214.8038339
13	214.0718105
14	213.7618693
