iter	Logloss
0	0.429237409211	0.376498090322	0.357495999733	0.347110301444	0.342091963555	0.33712738866	0.334001349877	0.331991845388	0.329367099199	0.3256219777110	0.3197655743111	0.3179205665112	0.3163589748113	0.3140438934114	0.3138683381115	0.3121399215116	0.3102983133117	0.3088521261118	0.3064995591919	0.3049760792020	0.3032640112121	0.3031944852222	0.3016323542323	0.2990889122424	0.2978152252525	0.2969302262626	0.2955578272727	0.2935985282828	0.2923067292929	0.2886711303030	0.2872299313131	0.286455332332	0.2845941533333	0.2825845833434	0.2811638433535	0.280302133336	0.2801724733337	0.2791467233338	0.2789910633339	0.2788515440440	0.277663294141	0.2758828742	42	0.2748725243	43	0.2738866544	44	0.2722806145	45	0.2704849246	46	0.2695377447	47	0.268188948	048	0.2675449	0.249	0.2659950	0.250	0.2653751	0.51	0.26324152	0.52	0.2623553	0.253	0.2620254	0.254	0.2609255	0.255	0.2594256	0.256	0.2572457	0.57	0.25608458	0.58	0.25522759	0.59	0.25514560	0.60	0.2539361	0.61	0.25188162	0.62	0.25084363	0.63	0.25002164	0.64	0.24878665	0.65	0.2475966	0.266	0.2465767	0.267	0.2449968	0.68	0.24386769	0.69	0.24261570	070	0.241333071	071	0.240432672	072	0.239588473	073	0.23886374	0.74	0.23732175	0.75	0.2358876	0.276	0.234977	0.2377	0.234178	0.2378	0.233279	0.2379	0.2326461528
27
