iter	Logloss
0	0.6138714053
1	0.5495235314
2	0.5034967227
3	0.4679704978
4	0.440588995
5	0.4184972367
6	0.4015965732
7	0.3864056014
8	0.3756481366
9	0.3657766008
10	0.3576002475
11	0.3506600362
12	0.345593964
13	0.3398474401
14	0.3335200978
