iter	Logloss
0	0.410746223
1	0.3880483905
2	0.3755125354
3	0.3712892494
4	0.3667657323
5	0.3636247106
6	0.3588203399
7	0.3564034854
8	0.3542832748
9	0.3522267854
10	0.3503090732
11	0.3487735933
12	0.3474837881
13	0.3466667857
14	0.3449158126
