iter	Logloss
0	0.4127369652
1	0.3938050719
2	0.3778921786
3	0.3713546959
4	0.368438453
5	0.3655002981
6	0.362453708
7	0.3604310684
8	0.3587550408
9	0.3575711872
10	0.3556637262
11	0.3541431522
12	0.352877258
13	0.3513038042
14	0.3495774028
