iter	Logloss
0	0.6107768522
1	0.5483211847
2	0.5026046742
3	0.4644000816
4	0.4339067769
5	0.4115223989
6	0.3934021037
7	0.3791186253
8	0.367534141
9	0.3586599837
10	0.35087682
11	0.3444460145
12	0.3415934622
13	0.3361144636
14	0.3308987748
